beta_star,ci_low,ci_high,bootstrap_draws,usable_draws,missing_crossing_share
0.40996141408468434,0.39211904481636145,0.4276652638693384,1000,1000,0.0
